{"cameraMode":{"drawMode":0,"name":"Shaded","section":"Shading Mode"},"sceneLighting":false,"audioPlay":false,"sceneViewState":{"m_AlwaysRefresh":false,"showFog":true,"showSkybox":false,"showFlares":true,"showImageEffects":true,"showParticleSystems":true,"showVisualEffectGraphs":true,"m_FxEnabled":false},"in2DMode":false,"pivot":{"x":0.0006347596645355225,"y":-0.11817646026611328,"z":-0.004294738173484802},"rotation":{"x":0.0899716466665268,"y":0.8837175965309143,"z":-0.42460179328918459,"w":0.17516541481018067},"size":1.144656777381897,"orthographic":false}