{"cameraMode":{"drawMode":0,"name":"Shaded","section":"Shading Mode"},"sceneLighting":false,"audioPlay":false,"sceneViewState":{"m_AlwaysRefresh":false,"showFog":true,"showSkybox":false,"showFlares":true,"showImageEffects":true,"showParticleSystems":true,"showVisualEffectGraphs":true,"m_FxEnabled":false},"in2DMode":false,"pivot":{"x":-0.011852412484586239,"y":0.664718508720398,"z":0.4109973907470703},"rotation":{"x":-0.004480034578591585,"y":0.9899438619613648,"z":-0.08437222242355347,"w":-0.11363106220960617},"size":1.1446573734283448,"orthographic":false}