{"cameraMode":{"drawMode":0,"name":"Shaded","section":"Shading Mode"},"sceneLighting":false,"audioPlay":false,"sceneViewState":{"m_AlwaysRefresh":false,"showFog":true,"showSkybox":false,"showFlares":true,"showImageEffects":true,"showParticleSystems":true,"showVisualEffectGraphs":true,"m_FxEnabled":false},"in2DMode":false,"pivot":{"x":-32.030330657958987,"y":-79.53290557861328,"z":68.31229400634766},"rotation":{"x":0.5485021471977234,"y":-0.022308263927698137,"z":0.014642426744103432,"w":0.8357163071632385},"size":0.8660253882408142,"orthographic":false}