{"cameraMode":{"drawMode":0,"name":"Shaded","section":"Shading Mode"},"sceneLighting":false,"audioPlay":false,"sceneViewState":{"m_AlwaysRefresh":false,"showFog":true,"showSkybox":false,"showFlares":true,"showImageEffects":true,"showParticleSystems":true,"showVisualEffectGraphs":true,"m_FxEnabled":false},"in2DMode":false,"pivot":{"x":-10.155157089233399,"y":4.723381519317627,"z":-0.014320051297545433},"rotation":{"x":0.1766277253627777,"y":0.6801720261573792,"z":-0.16622383892536164,"w":0.6917863488197327},"size":1.0846525430679322,"orthographic":false}